{"cameraMode":{"drawMode":0,"name":"Shaded","section":"Shading Mode"},"sceneLighting":true,"audioPlay":false,"sceneViewState":{"m_AlwaysRefresh":false,"showFog":true,"showSkybox":true,"showFlares":true,"showImageEffects":true,"showParticleSystems":true,"showVisualEffectGraphs":true,"m_FxEnabled":true},"in2DMode":false,"pivot":{"x":424.65142822265627,"y":259.0570068359375,"z":1.13427734375},"rotation":{"x":0.06864092499017716,"y":0.0039054693188518287,"z":0.0002855706843547523,"w":-0.9977239370346069},"size":270.3314208984375,"orthographic":false}