{"cameraMode":{"drawMode":0,"name":"Shaded","section":"Shading Mode"},"sceneLighting":true,"audioPlay":false,"sceneViewState":{"m_AlwaysRefresh":false,"showFog":true,"showSkybox":true,"showFlares":true,"showImageEffects":true,"showParticleSystems":true,"showVisualEffectGraphs":true,"m_FxEnabled":true},"in2DMode":false,"pivot":{"x":-1.9917800426483155,"y":0.2983865737915039,"z":-0.024517357349395753},"rotation":{"x":-0.004598436877131462,"y":-0.9911007881164551,"z":0.12887783348560334,"w":-0.03509068116545677},"size":2.4895904064178469,"orthographic":false}