{"cameraMode":{"drawMode":0,"name":"Shaded","section":"Shading Mode"},"sceneLighting":false,"audioPlay":false,"sceneViewState":{"m_AlwaysRefresh":false,"showFog":true,"showSkybox":false,"showFlares":true,"showImageEffects":true,"showParticleSystems":true,"showVisualEffectGraphs":true,"m_FxEnabled":true},"in2DMode":false,"pivot":{"x":-5.274745464324951,"y":0.8429632186889648,"z":0.4189133644104004},"rotation":{"x":0.03628027066588402,"y":-0.9453001618385315,"z":0.11284413188695908,"w":0.3039596676826477},"size":1.4036060571670533,"orthographic":false}