{"cameraMode":{"drawMode":0,"name":"Shaded","section":"Shading Mode"},"sceneLighting":false,"audioPlay":false,"sceneViewState":{"m_AlwaysRefresh":false,"showFog":true,"showSkybox":false,"showFlares":true,"showImageEffects":true,"showParticleSystems":true,"showVisualEffectGraphs":true,"m_FxEnabled":true},"in2DMode":false,"pivot":{"x":3.3751015663146974,"y":1.2506012916564942,"z":-12.11684513092041},"rotation":{"x":0.08525750041007996,"y":-0.7881184220314026,"z":0.11211050301790238,"w":0.5992591977119446},"size":2.2697274684906008,"orthographic":false}