{"cameraMode":{"drawMode":0,"name":"Shaded","section":"Shading Mode"},"sceneLighting":false,"audioPlay":false,"sceneViewState":{"m_AlwaysRefresh":false,"showFog":true,"showSkybox":false,"showFlares":true,"showImageEffects":true,"showParticleSystems":true,"showVisualEffectGraphs":true,"m_FxEnabled":true},"in2DMode":false,"pivot":{"x":-1.6836732625961304,"y":1.4076011180877686,"z":3.0195724964141847},"rotation":{"x":-0.004598436877131462,"y":-0.9911007881164551,"z":0.12887783348560334,"w":-0.03509068116545677},"size":1.9636592864990235,"orthographic":false}