{"cameraMode":{"drawMode":0,"name":"Shaded","section":"Shading Mode"},"sceneLighting":false,"audioPlay":false,"sceneViewState":{"m_AlwaysRefresh":false,"showFog":true,"showSkybox":false,"showFlares":true,"showImageEffects":true,"showParticleSystems":true,"showVisualEffectGraphs":true,"m_FxEnabled":true},"in2DMode":false,"pivot":{"x":0.46143844723701479,"y":0.019276201725006105,"z":-4.862271785736084},"rotation":{"x":-0.2502593398094177,"y":-0.32278838753700259,"z":0.08891849964857102,"w":-0.908453106880188},"size":0.8290466070175171,"orthographic":false}